2,10
2,31
2,35
2,74
2,79
2,85
2,100
2,107
2,169
2,217
2,220
2,238
2,272
2,278
2,288
2,293
2,303
2,337
2,370
2,374
2,391
2,395
2,399
2,424
2,456
2,466
2,517
2,549
2,551
2,577
2,580
2,585
2,591
2,626
2,630
2,646
2,675
2,720
2,733
2,738
2,766
2,769
2,774
2,779
2,797
2,803
2,806
2,809
2,823
2,828
2,835
2,840
2,848
2,855
2,856
2,877
2,878
2,891
2,893
2,895
2,899
2,919
2,934
2,936
2,937
2,945
2,946
2,980
2,992
2,993
2,996
2,998
10,2
10,31
10,35
10,74
10,79
10,85
10,100
10,107
10,169
10,217
10,220
10,238
10,272
10,278
10,288
10,293
10,303
10,337
10,370
10,374
10,391
10,395
10,399
10,424
10,456
10,466
10,517
10,549
10,551
10,577
10,580
10,585
10,591
10,626
10,630
10,646
10,675
10,720
10,733
10,738
10,766
10,769
10,774
10,779
10,797
10,803
10,806
10,809
10,823
10,828
10,835
10,840
10,848
10,855
10,856
10,877
10,878
10,891
10,893
10,895
10,899
10,919
10,934
10,936
10,937
10,945
10,946
10,980
10,992
10,993
10,996
10,998
31,2
31,10
31,35
31,74
31,79
31,85
31,100
31,107
31,169
31,217
31,220
31,238
31,272
31,278
31,288
31,293
31,303
31,337
31,370
31,374
31,391
31,395
31,399
31,424
31,456
31,466
31,517
31,549
31,551
31,577
31,580
31,585
31,591
31,626
31,630
31,646
31,675
31,720
31,733
31,738
31,766
31,769
31,774
31,779
31,797
31,803
31,806
31,809
31,823
31,828
31,835
31,840
31,848
31,855
31,856
31,877
31,878
31,891
31,893
31,895
31,899
31,919
31,934
31,936
31,937
31,945
31,946
31,980
31,992
31,993
31,996
31,998
35,2
35,10
35,31
35,74
35,79
35,85
35,100
35,107
35,169
35,217
35,220
35,238
35,272
35,278
35,288
35,293
35,303
35,337
35,370
35,374
35,391
35,395
35,399
35,424
35,456
35,466
35,517
35,549
35,551
35,577
35,580
35,585
35,591
35,626
35,630
35,646
35,675
35,720
35,733
35,738
35,766
35,769
35,774
35,779
35,797
35,803
35,806
35,809
35,823
35,828
35,835
35,840
35,848
35,855
35,856
35,877
35,878
35,891
35,893
35,895
35,899
35,919
35,934
35,936
35,937
35,945
35,946
35,980
35,992
35,993
35,996
35,998
74,2
74,10
74,31
74,35
74,79
74,85
74,100
74,107
74,169
74,217
74,220
74,238
74,272
74,278
74,288
74,293
74,303
74,337
74,370
74,374
74,391
74,395
74,399
74,424
74,456
74,466
74,517
74,549
74,551
74,577
74,580
74,585
74,591
74,626
74,630
74,646
74,675
74,720
74,733
74,738
74,766
74,769
74,774
74,779
74,797
74,803
74,806
74,809
74,823
74,828
74,835
74,840
74,848
74,855
74,856
74,877
74,878
74,891
74,893
74,895
74,899
74,919
74,934
74,936
74,937
74,945
74,946
74,980
74,992
74,993
74,996
74,998
79,2
79,10
79,31
79,35
79,74
79,85
79,100
79,107
79,169
79,217
79,220
79,238
79,272
79,278
79,288
79,293
79,303
79,337
79,370
79,374
79,391
79,395
79,399
79,424
79,456
79,466
79,517
79,549
79,551
79,577
79,580
79,585
79,591
79,626
79,630
79,646
79,675
79,720
79,733
79,738
79,766
79,769
79,774
79,779
79,797
79,803
79,806
79,809
79,823
79,828
79,835
79,840
79,848
79,855
79,856
79,877
79,878
79,891
79,893
79,895
79,899
79,919
79,934
79,936
79,937
79,945
79,946
79,980
79,992
79,993
79,996
79,998
85,2
85,10
85,31
85,35
85,74
85,79
85,100
85,107
85,169
85,217
85,220
85,238
85,272
85,278
85,288
85,293
85,303
85,337
85,370
85,374
85,391
85,395
85,399
85,424
85,456
85,466
85,517
85,549
85,551
85,577
85,580
85,585
85,591
85,626
85,630
85,646
85,675
85,720
85,733
85,738
85,766
85,769
85,774
85,779
85,797
85,803
85,806
85,809
85,823
85,828
85,835
85,840
85,848
85,855
85,856
85,877
85,878
85,891
85,893
85,895
85,899
85,919
85,934
85,936
85,937
85,945
85,946
85,980
85,992
85,993
85,996
85,998
100,2
100,10
100,31
100,35
100,74
100,79
100,85
100,107
100,169
100,217
100,220
100,238
100,272
100,278
100,288
100,293
100,303
100,337
100,370
100,374
100,391
100,395
100,399
100,424
100,456
100,466
100,517
100,549
100,551
100,577
100,580
100,585
100,591
100,626
100,630
100,646
100,675
100,720
100,733
100,738
100,766
100,769
100,774
100,779
100,797
100,803
100,806
100,809
100,823
100,828
100,835
100,840
100,848
100,855
100,856
100,877
100,878
100,891
100,893
100,895
100,899
100,919
100,934
100,936
100,937
100,945
100,946
100,980
100,992
100,993
100,996
100,998
107,2
107,10
107,31
107,35
107,74
107,79
107,85
107,100
107,169
107,217
107,220
107,238
107,272
107,278
107,288
107,293
107,303
107,337
107,370
107,374
107,391
107,395
107,399
107,424
107,456
107,466
107,517
107,549
107,551
107,577
107,580
107,585
107,591
107,626
107,630
107,646
107,675
107,720
107,733
107,738
107,766
107,769
107,774
107,779
107,797
107,803
107,806
107,809
107,823
107,828
107,835
107,840
107,848
107,855
107,856
107,877
107,878
107,891
107,893
107,895
107,899
107,919
107,934
107,936
107,937
107,945
107,946
107,980
107,992
107,993
107,996
107,998
169,2
169,10
169,31
169,35
169,74
169,79
169,85
169,100
169,107
169,217
169,220
169,238
169,272
169,278
169,288
169,293
169,303
169,337
169,370
169,374
169,391
169,395
169,399
169,424
169,456
169,466
169,517
169,549
169,551
169,577
169,580
169,585
169,591
169,626
169,630
169,646
169,675
169,720
169,733
169,738
169,766
169,769
169,774
169,779
169,797
169,803
169,806
169,809
169,823
169,828
169,835
169,840
169,848
169,855
169,856
169,877
169,878
169,891
169,893
169,895
169,899
169,919
169,934
169,936
169,937
169,945
169,946
169,980
169,992
169,993
169,996
169,998
217,2
217,10
217,31
217,35
217,74
217,79
217,85
217,100
217,107
217,169
217,220
217,238
217,272
217,278
217,288
217,293
217,303
217,337
217,370
217,374
217,391
217,395
217,399
217,424
217,456
217,466
217,517
217,549
217,551
217,577
217,580
217,585
217,591
217,626
217,630
217,646
217,675
217,720
217,733
217,738
217,766
217,769
217,774
217,779
217,797
217,803
217,806
217,809
217,823
217,828
217,835
217,840
217,848
217,855
217,856
217,877
217,878
217,891
217,893
217,895
217,899
217,919
217,934
217,936
217,937
217,945
217,946
217,980
217,992
217,993
217,996
217,998
220,2
220,10
220,31
220,35
220,74
220,79
220,85
220,100
220,107
220,169
220,217
220,238
220,272
220,278
220,288
220,293
220,303
220,337
220,370
220,374
220,391
220,395
220,399
220,424
220,456
220,466
220,517
220,549
220,551
220,577
220,580
220,585
220,591
220,626
220,630
220,646
220,675
220,720
220,733
220,738
220,766
220,769
220,774
220,779
220,797
220,803
220,806
220,809
220,823
220,828
220,835
220,840
220,848
220,855
220,856
220,877
220,878
220,891
220,893
220,895
220,899
220,919
220,934
220,936
220,937
220,945
220,946
220,980
220,992
220,993
220,996
220,998
238,2
238,10
238,31
238,35
238,74
238,79
238,85
238,100
238,107
238,169
238,217
238,220
238,272
238,278
238,288
238,293
238,303
238,337
238,370
238,374
238,391
238,395
238,399
238,424
238,456
238,466
238,517
238,549
238,551
238,577
238,580
238,585
238,591
238,626
238,630
238,646
238,675
238,720
238,733
238,738
238,766
238,769
238,774
238,779
238,797
238,803
238,806
238,809
238,823
238,828
238,835
238,840
238,848
238,855
238,856
238,877
238,878
238,891
238,893
238,895
238,899
238,919
238,934
238,936
238,937
238,945
238,946
238,980
238,992
238,993
238,996
238,998
272,2
272,10
272,31
272,35
272,74
272,79
272,85
272,100
272,107
272,169
272,217
272,220
272,238
272,278
272,288
272,293
272,303
272,337
272,370
272,374
272,391
272,395
272,399
272,424
272,456
272,466
272,517
272,549
272,551
272,577
272,580
272,585
272,591
272,626
272,630
272,646
272,675
272,720
272,733
272,738
272,766
272,769
272,774
272,779
272,797
272,803
272,806
272,809
272,823
272,828
272,835
272,840
272,848
272,855
272,856
272,877
272,878
272,891
272,893
272,895
272,899
272,919
272,934
272,936
272,937
272,945
272,946
272,980
272,992
272,993
272,996
272,998
278,2
278,10
278,31
278,35
278,74
278,79
278,85
278,100
278,107
278,169
278,217
278,220
278,238
278,272
278,288
278,293
278,303
278,337
278,370
278,374
278,391
278,395
278,399
278,424
278,456
278,466
278,517
278,549
278,551
278,577
278,580
278,585
278,591
278,626
278,630
278,646
278,675
278,720
278,733
278,738
278,766
278,769
278,774
278,779
278,797
278,803
278,806
278,809
278,823
278,828
278,835
278,840
278,848
278,855
278,856
278,877
278,878
278,891
278,893
278,895
278,899
278,919
278,934
278,936
278,937
278,945
278,946
278,980
278,992
278,993
278,996
278,998
288,2
288,10
288,31
288,35
288,74
288,79
288,85
288,100
288,107
288,169
288,217
288,220
288,238
288,272
288,278
288,293
288,303
288,337
288,370
288,374
288,391
288,395
288,399
288,424
288,456
288,466
288,517
288,549
288,551
288,577
288,580
288,585
288,591
288,626
288,630
288,646
288,675
288,720
288,733
288,738
288,766
288,769
288,774
288,779
288,797
288,803
288,806
288,809
288,823
288,828
288,835
288,840
288,848
288,855
288,856
288,877
288,878
288,891
288,893
288,895
288,899
288,919
288,934
288,936
288,937
288,945
288,946
288,980
288,992
288,993
288,996
288,998
293,2
293,10
293,31
293,35
293,74
293,79
293,85
293,100
293,107
293,169
293,217
293,220
293,238
293,272
293,278
293,288
293,303
293,337
293,370
293,374
293,391
293,395
293,399
293,424
293,456
293,466
293,517
293,549
293,551
293,577
293,580
293,585
293,591
293,626
293,630
293,646
293,675
293,720
293,733
293,738
293,766
293,769
293,774
293,779
293,797
293,803
293,806
293,809
293,823
293,828
293,835
293,840
293,848
293,855
293,856
293,877
293,878
293,891
293,893
293,895
293,899
293,919
293,934
293,936
293,937
293,945
293,946
293,980
293,992
293,993
293,996
293,998
303,2
303,10
303,31
303,35
303,74
303,79
303,85
303,100
303,107
303,169
303,217
303,220
303,238
303,272
303,278
303,288
303,293
303,337
303,370
303,374
303,391
303,395
303,399
303,424
303,456
303,466
303,517
303,549
303,551
303,577
303,580
303,585
303,591
303,626
303,630
303,646
303,675
303,720
303,733
303,738
303,766
303,769
303,774
303,779
303,797
303,803
303,806
303,809
303,823
303,828
303,835
303,840
303,848
303,855
303,856
303,877
303,878
303,891
303,893
303,895
303,899
303,919
303,934
303,936
303,937
303,945
303,946
303,980
303,992
303,993
303,996
303,998
337,2
337,10
337,31
337,35
337,74
337,79
337,85
337,100
337,107
337,169
337,217
337,220
337,238
337,272
337,278
337,288
337,293
337,303
337,370
337,374
337,391
337,395
337,399
337,424
337,456
337,466
337,517
337,549
337,551
337,577
337,580
337,585
337,591
337,626
337,630
337,646
337,675
337,720
337,733
337,738
337,766
337,769
337,774
337,779
337,797
337,803
337,806
337,809
337,823
337,828
337,835
337,840
337,848
337,855
337,856
337,877
337,878
337,891
337,893
337,895
337,899
337,919
337,934
337,936
337,937
337,945
337,946
337,980
337,992
337,993
337,996
337,998
370,2
370,10
370,31
370,35
370,74
370,79
370,85
370,100
370,107
370,169
370,217
370,220
370,238
370,272
370,278
370,288
370,293
370,303
370,337
370,374
370,391
370,395
370,399
370,424
370,456
370,466
370,517
370,549
370,551
370,577
370,580
370,585
370,591
370,626
370,630
370,646
370,675
370,720
370,733
370,738
370,766
370,769
370,774
370,779
370,797
370,803
370,806
370,809
370,823
370,828
370,835
370,840
370,848
370,855
370,856
370,877
370,878
370,891
370,893
370,895
370,899
370,919
370,934
370,936
370,937
370,945
370,946
370,980
370,992
370,993
370,996
370,998
374,2
374,10
374,31
374,35
374,74
374,79
374,85
374,100
374,107
374,169
374,217
374,220
374,238
374,272
374,278
374,288
374,293
374,303
374,337
374,370
374,391
374,395
374,399
374,424
374,456
374,466
374,517
374,549
374,551
374,577
374,580
374,585
374,591
374,626
374,630
374,646
374,675
374,720
374,733
374,738
374,766
374,769
374,774
374,779
374,797
374,803
374,806
374,809
374,823
374,828
374,835
374,840
374,848
374,855
374,856
374,877
374,878
374,891
374,893
374,895
374,899
374,919
374,934
374,936
374,937
374,945
374,946
374,980
374,992
374,993
374,996
374,998
391,2
391,10
391,31
391,35
391,74
391,79
391,85
391,100
391,107
391,169
391,217
391,220
391,238
391,272
391,278
391,288
391,293
391,303
391,337
391,370
391,374
391,395
391,399
391,424
391,456
391,466
391,517
391,549
391,551
391,577
391,580
391,585
391,591
391,626
391,630
391,646
391,675
391,720
391,733
391,738
391,766
391,769
391,774
391,779
391,797
391,803
391,806
391,809
391,823
391,828
391,835
391,840
391,848
391,855
391,856
391,877
391,878
391,891
391,893
391,895
391,899
391,919
391,934
391,936
391,937
391,945
391,946
391,980
391,992
391,993
391,996
391,998
395,2
395,10
395,31
395,35
395,74
395,79
395,85
395,100
395,107
395,169
395,217
395,220
395,238
395,272
395,278
395,288
395,293
395,303
395,337
395,370
395,374
395,391
395,399
395,424
395,456
395,466
395,517
395,549
395,551
395,577
395,580
395,585
395,591
395,626
395,630
395,646
395,675
395,720
395,733
395,738
395,766
395,769
395,774
395,779
395,797
395,803
395,806
395,809
395,823
395,828
395,835
395,840
395,848
395,855
395,856
395,877
395,878
395,891
395,893
395,895
395,899
395,919
395,934
395,936
395,937
395,945
395,946
395,980
395,992
395,993
395,996
395,998
399,2
399,10
399,31
399,35
399,74
399,79
399,85
399,100
399,107
399,169
399,217
399,220
399,238
399,272
399,278
399,288
399,293
399,303
399,337
399,370
399,374
399,391
399,395
399,424
399,456
399,466
399,517
399,549
399,551
399,577
399,580
399,585
399,591
399,626
399,630
399,646
399,675
399,720
399,733
399,738
399,766
399,769
399,774
399,779
399,797
399,803
399,806
399,809
399,823
399,828
399,835
399,840
399,848
399,855
399,856
399,877
399,878
399,891
399,893
399,895
399,899
399,919
399,934
399,936
399,937
399,945
399,946
399,980
399,992
399,993
399,996
399,998
424,2
424,10
424,31
424,35
424,74
424,79
424,85
424,100
424,107
424,169
424,217
424,220
424,238
424,272
424,278
424,288
424,293
424,303
424,337
424,370
424,374
424,391
424,395
424,399
424,456
424,466
424,517
424,549
424,551
424,577
424,580
424,585
424,591
424,626
424,630
424,646
424,675
424,720
424,733
424,738
424,766
424,769
424,774
424,779
424,797
424,803
424,806
424,809
424,823
424,828
424,835
424,840
424,848
424,855
424,856
424,877
424,878
424,891
424,893
424,895
424,899
424,919
424,934
424,936
424,937
424,945
424,946
424,980
424,992
424,993
424,996
424,998
456,2
456,10
456,31
456,35
456,74
456,79
456,85
456,100
456,107
456,169
456,217
456,220
456,238
456,272
456,278
456,288
456,293
456,303
456,337
456,370
456,374
456,391
456,395
456,399
456,424
456,466
456,517
456,549
456,551
456,577
456,580
456,585
456,591
456,626
456,630
456,646
456,675
456,720
456,733
456,738
456,766
456,769
456,774
456,779
456,797
456,803
456,806
456,809
456,823
456,828
456,835
456,840
456,848
456,855
456,856
456,877
456,878
456,891
456,893
456,895
456,899
456,919
456,934
456,936
456,937
456,945
456,946
456,980
456,992
456,993
456,996
456,998
466,2
466,10
466,31
466,35
466,74
466,79
466,85
466,100
466,107
466,169
466,217
466,220
466,238
466,272
466,278
466,288
466,293
466,303
466,337
466,370
466,374
466,391
466,395
466,399
466,424
466,456
466,517
466,549
466,551
466,577
466,580
466,585
466,591
466,626
466,630
466,646
466,675
466,720
466,733
466,738
466,766
466,769
466,774
466,779
466,797
466,803
466,806
466,809
466,823
466,828
466,835
466,840
466,848
466,855
466,856
466,877
466,878
466,891
466,893
466,895
466,899
466,919
466,934
466,936
466,937
466,945
466,946
466,980
466,992
466,993
466,996
466,998
517,2
517,10
517,31
517,35
517,74
517,79
517,85
517,100
517,107
517,169
517,217
517,220
517,238
517,272
517,278
517,288
517,293
517,303
517,337
517,370
517,374
517,391
517,395
517,399
517,424
517,456
517,466
517,549
517,551
517,577
517,580
517,585
517,591
517,626
517,630
517,646
517,675
517,720
517,733
517,738
517,766
517,769
517,774
517,779
517,797
517,803
517,806
517,809
517,823
517,828
517,835
517,840
517,848
517,855
517,856
517,877
517,878
517,891
517,893
517,895
517,899
517,919
517,934
517,936
517,937
517,945
517,946
517,980
517,992
517,993
517,996
517,998
549,2
549,10
549,31
549,35
549,74
549,79
549,85
549,100
549,107
549,169
549,217
549,220
549,238
549,272
549,278
549,288
549,293
549,303
549,337
549,370
549,374
549,391
549,395
549,399
549,424
549,456
549,466
549,517
549,551
549,577
549,580
549,585
549,591
549,626
549,630
549,646
549,675
549,720
549,733
549,738
549,766
549,769
549,774
549,779
549,797
549,803
549,806
549,809
549,823
549,828
549,835
549,840
549,848
549,855
549,856
549,877
549,878
549,891
549,893
549,895
549,899
549,919
549,934
549,936
549,937
549,945
549,946
549,980
549,992
549,993
549,996
549,998
551,2
551,10
551,31
551,35
551,74
551,79
551,85
551,100
551,107
551,169
551,217
551,220
551,238
551,272
551,278
551,288
551,293
551,303
551,337
551,370
551,374
551,391
551,395
551,399
551,424
551,456
551,466
551,517
551,549
551,577
551,580
551,585
551,591
551,626
551,630
551,646
551,675
551,720
551,733
551,738
551,766
551,769
551,774
551,779
551,797
551,803
551,806
551,809
551,823
551,828
551,835
551,840
551,848
551,855
551,856
551,877
551,878
551,891
551,893
551,895
551,899
551,919
551,934
551,936
551,937
551,945
551,946
551,980
551,992
551,993
551,996
551,998
577,2
577,10
577,31
577,35
577,74
577,79
577,85
577,100
577,107
577,169
577,217
577,220
577,238
577,272
577,278
577,288
577,293
577,303
577,337
577,370
577,374
577,391
577,395
577,399
577,424
577,456
577,466
577,517
577,549
577,551
577,580
577,585
577,591
577,626
577,630
577,646
577,675
577,720
577,733
577,738
577,766
577,769
577,774
577,779
577,797
577,803
577,806
577,809
577,823
577,828
577,835
577,840
577,848
577,855
577,856
577,877
577,878
577,891
577,893
577,895
577,899
577,919
577,934
577,936
577,937
577,945
577,946
577,980
577,992
577,993
577,996
577,998
580,2
580,10
580,31
580,35
580,74
580,79
580,85
580,100
580,107
580,169
580,217
580,220
580,238
580,272
580,278
580,288
580,293
580,303
580,337
580,370
580,374
580,391
580,395
580,399
580,424
580,456
580,466
580,517
580,549
580,551
580,577
580,585
580,591
580,626
580,630
580,646
580,675
580,720
580,733
580,738
580,766
580,769
580,774
580,779
580,797
580,803
580,806
580,809
580,823
580,828
580,835
580,840
580,848
580,855
580,856
580,877
580,878
580,891
580,893
580,895
580,899
580,919
580,934
580,936
580,937
580,945
580,946
580,980
580,992
580,993
580,996
580,998
585,2
585,10
585,31
585,35
585,74
585,79
585,85
585,100
585,107
585,169
585,217
585,220
585,238
585,272
585,278
585,288
585,293
585,303
585,337
585,370
585,374
585,391
585,395
585,399
585,424
585,456
585,466
585,517
585,549
585,551
585,577
585,580
585,591
585,626
585,630
585,646
585,675
585,720
585,733
585,738
585,766
585,769
585,774
585,779
585,797
585,803
585,806
585,809
585,823
585,828
585,835
585,840
585,848
585,855
585,856
585,877
585,878
585,891
585,893
585,895
585,899
585,919
585,934
585,936
585,937
585,945
585,946
585,980
585,992
585,993
585,996
585,998
591,2
591,10
591,31
591,35
591,74
591,79
591,85
591,100
591,107
591,169
591,217
591,220
591,238
591,272
591,278
591,288
591,293
591,303
591,337
591,370
591,374
591,391
591,395
591,399
591,424
591,456
591,466
591,517
591,549
591,551
591,577
591,580
591,585
591,626
591,630
591,646
591,675
591,720
591,733
591,738
591,766
591,769
591,774
591,779
591,797
591,803
591,806
591,809
591,823
591,828
591,835
591,840
591,848
591,855
591,856
591,877
591,878
591,891
591,893
591,895
591,899
591,919
591,934
591,936
591,937
591,945
591,946
591,980
591,992
591,993
591,996
591,998
626,2
626,10
626,31
626,35
626,74
626,79
626,85
626,100
626,107
626,169
626,217
626,220
626,238
626,272
626,278
626,288
626,293
626,303
626,337
626,370
626,374
626,391
626,395
626,399
626,424
626,456
626,466
626,517
626,549
626,551
626,577
626,580
626,585
626,591
626,630
626,646
626,675
626,720
626,733
626,738
626,766
626,769
626,774
626,779
626,797
626,803
626,806
626,809
626,823
626,828
626,835
626,840
626,848
626,855
626,856
626,877
626,878
626,891
626,893
626,895
626,899
626,919
626,934
626,936
626,937
626,945
626,946
626,980
626,992
626,993
626,996
626,998
630,2
630,10
630,31
630,35
630,74
630,79
630,85
630,100
630,107
630,169
630,217
630,220
630,238
630,272
630,278
630,288
630,293
630,303
630,337
630,370
630,374
630,391
630,395
630,399
630,424
630,456
630,466
630,517
630,549
630,551
630,577
630,580
630,585
630,591
630,626
630,646
630,675
630,720
630,733
630,738
630,766
630,769
630,774
630,779
630,797
630,803
630,806
630,809
630,823
630,828
630,835
630,840
630,848
630,855
630,856
630,877
630,878
630,891
630,893
630,895
630,899
630,919
630,934
630,936
630,937
630,945
630,946
630,980
630,992
630,993
630,996
630,998
646,2
646,10
646,31
646,35
646,74
646,79
646,85
646,100
646,107
646,169
646,217
646,220
646,238
646,272
646,278
646,288
646,293
646,303
646,337
646,370
646,374
646,391
646,395
646,399
646,424
646,456
646,466
646,517
646,549
646,551
646,577
646,580
646,585
646,591
646,626
646,630
646,675
646,720
646,733
646,738
646,766
646,769
646,774
646,779
646,797
646,803
646,806
646,809
646,823
646,828
646,835
646,840
646,848
646,855
646,856
646,877
646,878
646,891
646,893
646,895
646,899
646,919
646,934
646,936
646,937
646,945
646,946
646,980
646,992
646,993
646,996
646,998
675,2
675,10
675,31
675,35
675,74
675,79
675,85
675,100
675,107
675,169
675,217
675,220
675,238
675,272
675,278
675,288
675,293
675,303
675,337
675,370
675,374
675,391
675,395
675,399
675,424
675,456
675,466
675,517
675,549
675,551
675,577
675,580
675,585
675,591
675,626
675,630
675,646
675,720
675,733
675,738
675,766
675,769
675,774
675,779
675,797
675,803
675,806
675,809
675,823
675,828
675,835
675,840
675,848
675,855
675,856
675,877
675,878
675,891
675,893
675,895
675,899
675,919
675,934
675,936
675,937
675,945
675,946
675,980
675,992
675,993
675,996
675,998
720,2
720,10
720,31
720,35
720,74
720,79
720,85
720,100
720,107
720,169
720,217
720,220
720,238
720,272
720,278
720,288
720,293
720,303
720,337
720,370
720,374
720,391
720,395
720,399
720,424
720,456
720,466
720,517
720,549
720,551
720,577
720,580
720,585
720,591
720,626
720,630
720,646
720,675
720,733
720,738
720,766
720,769
720,774
720,779
720,797
720,803
720,806
720,809
720,823
720,828
720,835
720,840
720,848
720,855
720,856
720,877
720,878
720,891
720,893
720,895
720,899
720,919
720,934
720,936
720,937
720,945
720,946
720,980
720,992
720,993
720,996
720,998
733,2
733,10
733,31
733,35
733,74
733,79
733,85
733,100
733,107
733,169
733,217
733,220
733,238
733,272
733,278
733,288
733,293
733,303
733,337
733,370
733,374
733,391
733,395
733,399
733,424
733,456
733,466
733,517
733,549
733,551
733,577
733,580
733,585
733,591
733,626
733,630
733,646
733,675
733,720
733,738
733,766
733,769
733,774
733,779
733,797
733,803
733,806
733,809
733,823
733,828
733,835
733,840
733,848
733,855
733,856
733,877
733,878
733,891
733,893
733,895
733,899
733,919
733,934
733,936
733,937
733,945
733,946
733,980
733,992
733,993
733,996
733,998
738,2
738,10
738,31
738,35
738,74
738,79
738,85
738,100
738,107
738,169
738,217
738,220
738,238
738,272
738,278
738,288
738,293
738,303
738,337
738,370
738,374
738,391
738,395
738,399
738,424
738,456
738,466
738,517
738,549
738,551
738,577
738,580
738,585
738,591
738,626
738,630
738,646
738,675
738,720
738,733
738,766
738,769
738,774
738,779
738,797
738,803
738,806
738,809
738,823
738,828
738,835
738,840
738,848
738,855
738,856
738,877
738,878
738,891
738,893
738,895
738,899
738,919
738,934
738,936
738,937
738,945
738,946
738,980
738,992
738,993
738,996
738,998
766,2
766,10
766,31
766,35
766,74
766,79
766,85
766,100
766,107
766,169
766,217
766,220
766,238
766,272
766,278
766,288
766,293
766,303
766,337
766,370
766,374
766,391
766,395
766,399
766,424
766,456
766,466
766,517
766,549
766,551
766,577
766,580
766,585
766,591
766,626
766,630
766,646
766,675
766,720
766,733
766,738
766,769
766,774
766,779
766,797
766,803
766,806
766,809
766,823
766,828
766,835
766,840
766,848
766,855
766,856
766,877
766,878
766,891
766,893
766,895
766,899
766,919
766,934
766,936
766,937
766,945
766,946
766,980
766,992
766,993
766,996
766,998
769,2
769,10
769,31
769,35
769,74
769,79
769,85
769,100
769,107
769,169
769,217
769,220
769,238
769,272
769,278
769,288
769,293
769,303
769,337
769,370
769,374
769,391
769,395
769,399
769,424
769,456
769,466
769,517
769,549
769,551
769,577
769,580
769,585
769,591
769,626
769,630
769,646
769,675
769,720
769,733
769,738
769,766
769,774
769,779
769,797
769,803
769,806
769,809
769,823
769,828
769,835
769,840
769,848
769,855
769,856
769,877
769,878
769,891
769,893
769,895
769,899
769,919
769,934
769,936
769,937
769,945
769,946
769,980
769,992
769,993
769,996
769,998
774,2
774,10
774,31
774,35
774,74
774,79
774,85
774,100
774,107
774,169
774,217
774,220
774,238
774,272
774,278
774,288
774,293
774,303
774,337
774,370
774,374
774,391
774,395
774,399
774,424
774,456
774,466
774,517
774,549
774,551
774,577
774,580
774,585
774,591
774,626
774,630
774,646
774,675
774,720
774,733
774,738
774,766
774,769
774,779
774,797
774,803
774,806
774,809
774,823
774,828
774,835
774,840
774,848
774,855
774,856
774,877
774,878
774,891
774,893
774,895
774,899
774,919
774,934
774,936
774,937
774,945
774,946
774,980
774,992
774,993
774,996
774,998
779,2
779,10
779,31
779,35
779,74
779,79
779,85
779,100
779,107
779,169
779,217
779,220
779,238
779,272
779,278
779,288
779,293
779,303
779,337
779,370
779,374
779,391
779,395
779,399
779,424
779,456
779,466
779,517
779,549
779,551
779,577
779,580
779,585
779,591
779,626
779,630
779,646
779,675
779,720
779,733
779,738
779,766
779,769
779,774
779,797
779,803
779,806
779,809
779,823
779,828
779,835
779,840
779,848
779,855
779,856
779,877
779,878
779,891
779,893
779,895
779,899
779,919
779,934
779,936
779,937
779,945
779,946
779,980
779,992
779,993
779,996
779,998
797,2
797,10
797,31
797,35
797,74
797,79
797,85
797,100
797,107
797,169
797,217
797,220
797,238
797,272
797,278
797,288
797,293
797,303
797,337
797,370
797,374
797,391
797,395
797,399
797,424
797,456
797,466
797,517
797,549
797,551
797,577
797,580
797,585
797,591
797,626
797,630
797,646
797,675
797,720
797,733
797,738
797,766
797,769
797,774
797,779
797,803
797,806
797,809
797,823
797,828
797,835
797,840
797,848
797,855
797,856
797,877
797,878
797,891
797,893
797,895
797,899
797,919
797,934
797,936
797,937
797,945
797,946
797,980
797,992
797,993
797,996
797,998
803,2
803,10
803,31
803,35
803,74
803,79
803,85
803,100
803,107
803,169
803,217
803,220
803,238
803,272
803,278
803,288
803,293
803,303
803,337
803,370
803,374
803,391
803,395
803,399
803,424
803,456
803,466
803,517
803,549
803,551
803,577
803,580
803,585
803,591
803,626
803,630
803,646
803,675
803,720
803,733
803,738
803,766
803,769
803,774
803,779
803,797
803,806
803,809
803,823
803,828
803,835
803,840
803,848
803,855
803,856
803,877
803,878
803,891
803,893
803,895
803,899
803,919
803,934
803,936
803,937
803,945
803,946
803,980
803,992
803,993
803,996
803,998
806,2
806,10
806,31
806,35
806,74
806,79
806,85
806,100
806,107
806,169
806,217
806,220
806,238
806,272
806,278
806,288
806,293
806,303
806,337
806,370
806,374
806,391
806,395
806,399
806,424
806,456
806,466
806,517
806,549
806,551
806,577
806,580
806,585
806,591
806,626
806,630
806,646
806,675
806,720
806,733
806,738
806,766
806,769
806,774
806,779
806,797
806,803
806,809
806,823
806,828
806,835
806,840
806,848
806,855
806,856
806,877
806,878
806,891
806,893
806,895
806,899
806,919
806,934
806,936
806,937
806,945
806,946
806,980
806,992
806,993
806,996
806,998
809,2
809,10
809,31
809,35
809,74
809,79
809,85
809,100
809,107
809,169
809,217
809,220
809,238
809,272
809,278
809,288
809,293
809,303
809,337
809,370
809,374
809,391
809,395
809,399
809,424
809,456
809,466
809,517
809,549
809,551
809,577
809,580
809,585
809,591
809,626
809,630
809,646
809,675
809,720
809,733
809,738
809,766
809,769
809,774
809,779
809,797
809,803
809,806
809,823
809,828
809,835
809,840
809,848
809,855
809,856
809,877
809,878
809,891
809,893
809,895
809,899
809,919
809,934
809,936
809,937
809,945
809,946
809,980
809,992
809,993
809,996
809,998
823,2
823,10
823,31
823,35
823,74
823,79
823,85
823,100
823,107
823,169
823,217
823,220
823,238
823,272
823,278
823,288
823,293
823,303
823,337
823,370
823,374
823,391
823,395
823,399
823,424
823,456
823,466
823,517
823,549
823,551
823,577
823,580
823,585
823,591
823,626
823,630
823,646
823,675
823,720
823,733
823,738
823,766
823,769
823,774
823,779
823,797
823,803
823,806
823,809
823,828
823,835
823,840
823,848
823,855
823,856
823,877
823,878
823,891
823,893
823,895
823,899
823,919
823,934
823,936
823,937
823,945
823,946
823,980
823,992
823,993
823,996
823,998
828,2
828,10
828,31
828,35
828,74
828,79
828,85
828,100
828,107
828,169
828,217
828,220
828,238
828,272
828,278
828,288
828,293
828,303
828,337
828,370
828,374
828,391
828,395
828,399
828,424
828,456
828,466
828,517
828,549
828,551
828,577
828,580
828,585
828,591
828,626
828,630
828,646
828,675
828,720
828,733
828,738
828,766
828,769
828,774
828,779
828,797
828,803
828,806
828,809
828,823
828,835
828,840
828,848
828,855
828,856
828,877
828,878
828,891
828,893
828,895
828,899
828,919
828,934
828,936
828,937
828,945
828,946
828,980
828,992
828,993
828,996
828,998
835,2
835,10
835,31
835,35
835,74
835,79
835,85
835,100
835,107
835,169
835,217
835,220
835,238
835,272
835,278
835,288
835,293
835,303
835,337
835,370
835,374
835,391
835,395
835,399
835,424
835,456
835,466
835,517
835,549
835,551
835,577
835,580
835,585
835,591
835,626
835,630
835,646
835,675
835,720
835,733
835,738
835,766
835,769
835,774
835,779
835,797
835,803
835,806
835,809
835,823
835,828
835,840
835,848
835,855
835,856
835,877
835,878
835,891
835,893
835,895
835,899
835,919
835,934
835,936
835,937
835,945
835,946
835,980
835,992
835,993
835,996
835,998
840,2
840,10
840,31
840,35
840,74
840,79
840,85
840,100
840,107
840,169
840,217
840,220
840,238
840,272
840,278
840,288
840,293
840,303
840,337
840,370
840,374
840,391
840,395
840,399
840,424
840,456
840,466
840,517
840,549
840,551
840,577
840,580
840,585
840,591
840,626
840,630
840,646
840,675
840,720
840,733
840,738
840,766
840,769
840,774
840,779
840,797
840,803
840,806
840,809
840,823
840,828
840,835
840,848
840,855
840,856
840,877
840,878
840,891
840,893
840,895
840,899
840,919
840,934
840,936
840,937
840,945
840,946
840,980
840,992
840,993
840,996
840,998
848,2
848,10
848,31
848,35
848,74
848,79
848,85
848,100
848,107
848,169
848,217
848,220
848,238
848,272
848,278
848,288
848,293
848,303
848,337
848,370
848,374
848,391
848,395
848,399
848,424
848,456
848,466
848,517
848,549
848,551
848,577
848,580
848,585
848,591
848,626
848,630
848,646
848,675
848,720
848,733
848,738
848,766
848,769
848,774
848,779
848,797
848,803
848,806
848,809
848,823
848,828
848,835
848,840
848,855
848,856
848,877
848,878
848,891
848,893
848,895
848,899
848,919
848,934
848,936
848,937
848,945
848,946
848,980
848,992
848,993
848,996
848,998
855,2
855,10
855,31
855,35
855,74
855,79
855,85
855,100
855,107
855,169
855,217
855,220
855,238
855,272
855,278
855,288
855,293
855,303
855,337
855,370
855,374
855,391
855,395
855,399
855,424
855,456
855,466
855,517
855,549
855,551
855,577
855,580
855,585
855,591
855,626
855,630
855,646
855,675
855,720
855,733
855,738
855,766
855,769
855,774
855,779
855,797
855,803
855,806
855,809
855,823
855,828
855,835
855,840
855,848
855,856
855,877
855,878
855,891
855,893
855,895
855,899
855,919
855,934
855,936
855,937
855,945
855,946
855,980
855,992
855,993
855,996
855,998
856,2
856,10
856,31
856,35
856,74
856,79
856,85
856,100
856,107
856,169
856,217
856,220
856,238
856,272
856,278
856,288
856,293
856,303
856,337
856,370
856,374
856,391
856,395
856,399
856,424
856,456
856,466
856,517
856,549
856,551
856,577
856,580
856,585
856,591
856,626
856,630
856,646
856,675
856,720
856,733
856,738
856,766
856,769
856,774
856,779
856,797
856,803
856,806
856,809
856,823
856,828
856,835
856,840
856,848
856,855
856,877
856,878
856,891
856,893
856,895
856,899
856,919
856,934
856,936
856,937
856,945
856,946
856,980
856,992
856,993
856,996
856,998
877,2
877,10
877,31
877,35
877,74
877,79
877,85
877,100
877,107
877,169
877,217
877,220
877,238
877,272
877,278
877,288
877,293
877,303
877,337
877,370
877,374
877,391
877,395
877,399
877,424
877,456
877,466
877,517
877,549
877,551
877,577
877,580
877,585
877,591
877,626
877,630
877,646
877,675
877,720
877,733
877,738
877,766
877,769
877,774
877,779
877,797
877,803
877,806
877,809
877,823
877,828
877,835
877,840
877,848
877,855
877,856
877,878
877,891
877,893
877,895
877,899
877,919
877,934
877,936
877,937
877,945
877,946
877,980
877,992
877,993
877,996
877,998
878,2
878,10
878,31
878,35
878,74
878,79
878,85
878,100
878,107
878,169
878,217
878,220
878,238
878,272
878,278
878,288
878,293
878,303
878,337
878,370
878,374
878,391
878,395
878,399
878,424
878,456
878,466
878,517
878,549
878,551
878,577
878,580
878,585
878,591
878,626
878,630
878,646
878,675
878,720
878,733
878,738
878,766
878,769
878,774
878,779
878,797
878,803
878,806
878,809
878,823
878,828
878,835
878,840
878,848
878,855
878,856
878,877
878,891
878,893
878,895
878,899
878,919
878,934
878,936
878,937
878,945
878,946
878,980
878,992
878,993
878,996
878,998
891,2
891,10
891,31
891,35
891,74
891,79
891,85
891,100
891,107
891,169
891,217
891,220
891,238
891,272
891,278
891,288
891,293
891,303
891,337
891,370
891,374
891,391
891,395
891,399
891,424
891,456
891,466
891,517
891,549
891,551
891,577
891,580
891,585
891,591
891,626
891,630
891,646
891,675
891,720
891,733
891,738
891,766
891,769
891,774
891,779
891,797
891,803
891,806
891,809
891,823
891,828
891,835
891,840
891,848
891,855
891,856
891,877
891,878
891,893
891,895
891,899
891,919
891,934
891,936
891,937
891,945
891,946
891,980
891,992
891,993
891,996
891,998
893,2
893,10
893,31
893,35
893,74
893,79
893,85
893,100
893,107
893,169
893,217
893,220
893,238
893,272
893,278
893,288
893,293
893,303
893,337
893,370
893,374
893,391
893,395
893,399
893,424
893,456
893,466
893,517
893,549
893,551
893,577
893,580
893,585
893,591
893,626
893,630
893,646
893,675
893,720
893,733
893,738
893,766
893,769
893,774
893,779
893,797
893,803
893,806
893,809
893,823
893,828
893,835
893,840
893,848
893,855
893,856
893,877
893,878
893,891
893,895
893,899
893,919
893,934
893,936
893,937
893,945
893,946
893,980
893,992
893,993
893,996
893,998
895,2
895,10
895,31
895,35
895,74
895,79
895,85
895,100
895,107
895,169
895,217
895,220
895,238
895,272
895,278
895,288
895,293
895,303
895,337
895,370
895,374
895,391
895,395
895,399
895,424
895,456
895,466
895,517
895,549
895,551
895,577
895,580
895,585
895,591
895,626
895,630
895,646
895,675
895,720
895,733
895,738
895,766
895,769
895,774
895,779
895,797
895,803
895,806
895,809
895,823
895,828
895,835
895,840
895,848
895,855
895,856
895,877
895,878
895,891
895,893
895,899
895,919
895,934
895,936
895,937
895,945
895,946
895,980
895,992
895,993
895,996
895,998
899,2
899,10
899,31
899,35
899,74
899,79
899,85
899,100
899,107
899,169
899,217
899,220
899,238
899,272
899,278
899,288
899,293
899,303
899,337
899,370
899,374
899,391
899,395
899,399
899,424
899,456
899,466
899,517
899,549
899,551
899,577
899,580
899,585
899,591
899,626
899,630
899,646
899,675
899,720
899,733
899,738
899,766
899,769
899,774
899,779
899,797
899,803
899,806
899,809
899,823
899,828
899,835
899,840
899,848
899,855
899,856
899,877
899,878
899,891
899,893
899,895
899,919
899,934
899,936
899,937
899,945
899,946
899,980
899,992
899,993
899,996
899,998
919,2
919,10
919,31
919,35
919,74
919,79
919,85
919,100
919,107
919,169
919,217
919,220
919,238
919,272
919,278
919,288
919,293
919,303
919,337
919,370
919,374
919,391
919,395
919,399
919,424
919,456
919,466
919,517
919,549
919,551
919,577
919,580
919,585
919,591
919,626
919,630
919,646
919,675
919,720
919,733
919,738
919,766
919,769
919,774
919,779
919,797
919,803
919,806
919,809
919,823
919,828
919,835
919,840
919,848
919,855
919,856
919,877
919,878
919,891
919,893
919,895
919,899
919,934
919,936
919,937
919,945
919,946
919,980
919,992
919,993
919,996
919,998
934,2
934,10
934,31
934,35
934,74
934,79
934,85
934,100
934,107
934,169
934,217
934,220
934,238
934,272
934,278
934,288
934,293
934,303
934,337
934,370
934,374
934,391
934,395
934,399
934,424
934,456
934,466
934,517
934,549
934,551
934,577
934,580
934,585
934,591
934,626
934,630
934,646
934,675
934,720
934,733
934,738
934,766
934,769
934,774
934,779
934,797
934,803
934,806
934,809
934,823
934,828
934,835
934,840
934,848
934,855
934,856
934,877
934,878
934,891
934,893
934,895
934,899
934,919
934,936
934,937
934,945
934,946
934,980
934,992
934,993
934,996
934,998
936,2
936,10
936,31
936,35
936,74
936,79
936,85
936,100
936,107
936,169
936,217
936,220
936,238
936,272
936,278
936,288
936,293
936,303
936,337
936,370
936,374
936,391
936,395
936,399
936,424
936,456
936,466
936,517
936,549
936,551
936,577
936,580
936,585
936,591
936,626
936,630
936,646
936,675
936,720
936,733
936,738
936,766
936,769
936,774
936,779
936,797
936,803
936,806
936,809
936,823
936,828
936,835
936,840
936,848
936,855
936,856
936,877
936,878
936,891
936,893
936,895
936,899
936,919
936,934
936,937
936,945
936,946
936,980
936,992
936,993
936,996
936,998
937,2
937,10
937,31
937,35
937,74
937,79
937,85
937,100
937,107
937,169
937,217
937,220
937,238
937,272
937,278
937,288
937,293
937,303
937,337
937,370
937,374
937,391
937,395
937,399
937,424
937,456
937,466
937,517
937,549
937,551
937,577
937,580
937,585
937,591
937,626
937,630
937,646
937,675
937,720
937,733
937,738
937,766
937,769
937,774
937,779
937,797
937,803
937,806
937,809
937,823
937,828
937,835
937,840
937,848
937,855
937,856
937,877
937,878
937,891
937,893
937,895
937,899
937,919
937,934
937,936
937,945
937,946
937,980
937,992
937,993
937,996
937,998
945,2
945,10
945,31
945,35
945,74
945,79
945,85
945,100
945,107
945,169
945,217
945,220
945,238
945,272
945,278
945,288
945,293
945,303
945,337
945,370
945,374
945,391
945,395
945,399
945,424
945,456
945,466
945,517
945,549
945,551
945,577
945,580
945,585
945,591
945,626
945,630
945,646
945,675
945,720
945,733
945,738
945,766
945,769
945,774
945,779
945,797
945,803
945,806
945,809
945,823
945,828
945,835
945,840
945,848
945,855
945,856
945,877
945,878
945,891
945,893
945,895
945,899
945,919
945,934
945,936
945,937
945,946
945,980
945,992
945,993
945,996
945,998
946,2
946,10
946,31
946,35
946,74
946,79
946,85
946,100
946,107
946,169
946,217
946,220
946,238
946,272
946,278
946,288
946,293
946,303
946,337
946,370
946,374
946,391
946,395
946,399
946,424
946,456
946,466
946,517
946,549
946,551
946,577
946,580
946,585
946,591
946,626
946,630
946,646
946,675
946,720
946,733
946,738
946,766
946,769
946,774
946,779
946,797
946,803
946,806
946,809
946,823
946,828
946,835
946,840
946,848
946,855
946,856
946,877
946,878
946,891
946,893
946,895
946,899
946,919
946,934
946,936
946,937
946,945
946,980
946,992
946,993
946,996
946,998
980,2
980,10
980,31
980,35
980,74
980,79
980,85
980,100
980,107
980,169
980,217
980,220
980,238
980,272
980,278
980,288
980,293
980,303
980,337
980,370
980,374
980,391
980,395
980,399
980,424
980,456
980,466
980,517
980,549
980,551
980,577
980,580
980,585
980,591
980,626
980,630
980,646
980,675
980,720
980,733
980,738
980,766
980,769
980,774
980,779
980,797
980,803
980,806
980,809
980,823
980,828
980,835
980,840
980,848
980,855
980,856
980,877
980,878
980,891
980,893
980,895
980,899
980,919
980,934
980,936
980,937
980,945
980,946
980,992
980,993
980,996
980,998
992,2
992,10
992,31
992,35
992,74
992,79
992,85
992,100
992,107
992,169
992,217
992,220
992,238
992,272
992,278
992,288
992,293
992,303
992,337
992,370
992,374
992,391
992,395
992,399
992,424
992,456
992,466
992,517
992,549
992,551
992,577
992,580
992,585
992,591
992,626
992,630
992,646
992,675
992,720
992,733
992,738
992,766
992,769
992,774
992,779
992,797
992,803
992,806
992,809
992,823
992,828
992,835
992,840
992,848
992,855
992,856
992,877
992,878
992,891
992,893
992,895
992,899
992,919
992,934
992,936
992,937
992,945
992,946
992,980
992,993
992,996
992,998
993,2
993,10
993,31
993,35
993,74
993,79
993,85
993,100
993,107
993,169
993,217
993,220
993,238
993,272
993,278
993,288
993,293
993,303
993,337
993,370
993,374
993,391
993,395
993,399
993,424
993,456
993,466
993,517
993,549
993,551
993,577
993,580
993,585
993,591
993,626
993,630
993,646
993,675
993,720
993,733
993,738
993,766
993,769
993,774
993,779
993,797
993,803
993,806
993,809
993,823
993,828
993,835
993,840
993,848
993,855
993,856
993,877
993,878
993,891
993,893
993,895
993,899
993,919
993,934
993,936
993,937
993,945
993,946
993,980
993,992
993,996
993,998
996,2
996,10
996,31
996,35
996,74
996,79
996,85
996,100
996,107
996,169
996,217
996,220
996,238
996,272
996,278
996,288
996,293
996,303
996,337
996,370
996,374
996,391
996,395
996,399
996,424
996,456
996,466
996,517
996,549
996,551
996,577
996,580
996,585
996,591
996,626
996,630
996,646
996,675
996,720
996,733
996,738
996,766
996,769
996,774
996,779
996,797
996,803
996,806
996,809
996,823
996,828
996,835
996,840
996,848
996,855
996,856
996,877
996,878
996,891
996,893
996,895
996,899
996,919
996,934
996,936
996,937
996,945
996,946
996,980
996,992
996,993
996,998
998,2
998,10
998,31
998,35
998,74
998,79
998,85
998,100
998,107
998,169
998,217
998,220
998,238
998,272
998,278
998,288
998,293
998,303
998,337
998,370
998,374
998,391
998,395
998,399
998,424
998,456
998,466
998,517
998,549
998,551
998,577
998,580
998,585
998,591
998,626
998,630
998,646
998,675
998,720
998,733
998,738
998,766
998,769
998,774
998,779
998,797
998,803
998,806
998,809
998,823
998,828
998,835
998,840
998,848
998,855
998,856
998,877
998,878
998,891
998,893
998,895
998,899
998,919
998,934
998,936
998,937
998,945
998,946
998,980
998,992
998,993
998,996
